Report ID,Report Version,Reporting Entity,Report Type,Report Month,Report Year,Report Submission Date,VIN,VIN - Unknown,Serial Number,Make,Model,Model - Unknown,Model Year,Model Year - Unknown,Same Vehicle ID,Mileage,Mileage - Unknown,Driver / Operator Type,ADAS/ADS System Version,ADAS/ADS System Version - Unk,ADAS/ADS System Version CBI,ADAS/ADS Hardware Version,ADAS/ADS Hardware Version - Unk,ADAS/ADS Hardware Version CBI,ADAS/ADS Software Version,ADAS/ADS Software Version - Unk,ADAS/ADS Software Version CBI,Other Reporting Entities?,Other Reporting Entities? - Unk,Other Reporting Entities? - NA,Federal Regulatory Exemption?,Other Federal Reg. Exemption,Federal Reg. Exemption - Unk,Federal Reg. Exemption - No,State or Local Permit?,State or Local Permit,ADS Equipped?,Automation System Engaged?,Operating Entity,Operating Entity - Unknown,Source - Complaint/Claim,Source - Telematics,Source - Law Enforcement,Source - Field Report,Source - Testing,Source - Media,Source - Other,Source - Other Text,Incident Date,Incident Date - Unknown,Notice Received Date,Incident Time (24:00),Incident Time - Unknown,Same Incident ID,Latitude,Latitude - Unknown,Longitude,Longitude - Unknown,Address,Address - Unknown,City,City - Unknown,State,Zip Code,Zip Code - Unknown,Roadway Type,Roadway Surface,Roadway Description,Posted Speed Limit (MPH),Posted Speed Limit - Unknown,Lighting,Weather - Clear,Weather - Snow,Weather - Cloudy,Weather - Fog/Smoke,Weather - Rain,Weather - Severe Wind,Weather - Unknown,Weather - Other,Weather - Other Text,Crash With,Highest Injury Severity Alleged,Property Damage?,CP Pre-Crash Movement,CP Any Air Bags Deployed?,CP Was Vehicle Towed?,CP Contact Area - Rear Left,CP Contact Area - Left,CP Contact Area - Front Left,CP Contact Area - Rear,CP Contact Area - Top,CP Contact Area - Front,CP Contact Area - Rear Right,CP Contact Area - Right,CP Contact Area - Front Right,CP Contact Area - Bottom,CP Contact Area - Unknown,SV Pre-Crash Movement,SV Any Air Bags Deployed?,SV Was Vehicle Towed?,SV Were All Passengers Belted?,SV Precrash Speed (MPH),SV Pre-crash Speed - Unknown,SV Contact Area - Rear Left,SV Contact Area - Left,SV Contact Area - Front Left,SV Contact Area - Rear,SV Contact Area - Top,SV Contact Area - Front,SV Contact Area - Rear Right,SV Contact Area - Right,SV Contact Area - Front Right,SV Contact Area - Bottom,SV Contact Area - Unknown,Data Availability - EDR,Data Availability - Police Rpt,Data Availability - Telematics,Data Availability - Complaints,Data Availability - Video,Data Availability - Other,Data Availability - No Data,Data Availability - Unknown,Law Enforcement Investigating?,Investigating Agency,Investigating Agency - Unknown,Rep Ent Or Mfr Investigating?,Investigating Officer Name,Inv. Officer Name - Unknown,Investigating Officer Phone,Inv. Officer Phone - Unknown,Investigating Officer Email,Inv. Officer Email - Unknown,Within ODD?,Within ODD? - CBI,Narrative,Narrative - CBI?
28349-5694,1,"Lucid USA, Inc.",1-Day,,,JUN-2023,50EA1TEA6PA, ,N/A,Lucid,Air Touring, ,2023, ,32bda21cdfb3b83,3183, ,Consumer,"[REDACTED, MAY CONTAIN CONFIDENTIAL BUSINESS INFORMATION]",Y,Y,"[REDACTED, MAY CONTAIN CONFIDENTIAL BUSINESS INFORMATION]",Y,Y,"[REDACTED, MAY CONTAIN CONFIDENTIAL BUSINESS INFORMATION]", ,Y,,Y, ,,, ,Y,No,,Yes,ADAS,, , ,Y, , , , ,Y,Knox Towing Yard,JUN-2023, ,JUN-2023,14:59, ,dfa653e65cd8de6,[MAY CONTAIN PERSONALLY IDENTIFIABLE INFORMATION], ,[MAY CONTAIN PERSONALLY IDENTIFIABLE INFORMATION], ,[MAY CONTAIN PERSONALLY IDENTIFIABLE INFORMATION], ,Foster, ,RI ,[MAY CONTAIN PERSONALLY IDENTIFIABLE INFORMATION], ,Highway / Freeway,Dry,No Unusual Conditions,45, ,Daylight, , ,Y, , , , ,Y,Thundering,Pickup Truck,Unknown,Yes,Making Left Turn,Unknown,Unknown,Y, , ,Y, , ,Y, , , , ,Proceeding Straight,Yes,Yes,Yes,53, , , ,Y, , ,Y, , ,Y, , , , ,Y, , , , , ,Unknown,Foster Police Department, ,Yes,,Y,[MAY CONTAIN PERSONALLY IDENTIFIABLE INFORMATION], ,,Y,Yes, ,"Pre-crash movement through telematics data shows the Lucid vehicle proceeding straight driving 80 mph Eastbound in lane 1 on [XXX] (speed limit is 45 mph) on [XXX], 2023. Initial information indicated one or both vehicles were towed away, though no information was included about injuries. A second before impact, the driver applies the brake pedal and provides steering wheel input to the right, then to the left, and finally to the right before impact. The telematics data shows the vehicle heading East on [XXX] and the crash signal occurs in the Northeast corner of the [XXX] [XXX], the speed of the Lucid Vehicle is logged at 53mph. Telematics data shows the driver airbag deployed.  On [XXX], a conversation with the towing company employee occurred in which the employee stated that the Lucid vehicle was cut off by an oncoming vehicle, a Chevy Crew Cab Pickup truck heading Westbound on [XXX] The truck was turning left onto [XXX]. and the Lucid vehicle impacted the rear right of the truck. The towing company employee stated that people involved in the accident were transported to the hospital for medical treatment.",
30610-5225,2,"Zoox, Inc.",Update,,,APR-2023,5TDDCRFH1GS, ,N/A,Toyota,Highlander, ,2016, ,0d9547747a03581,111324, ,In-Vehicle (Commercial / Test),69.23.03.20, , ,, , ,, , ,, , ,,, , ,,,Yes,ADS,Zoox, , , , ,Y,Y, , ,,MAR-2023, ,MAR-2023,14:40, ,ee7b4bbad8b4c29,[MAY CONTAIN PERSONALLY IDENTIFIABLE INFORMATION], ,[MAY CONTAIN PERSONALLY IDENTIFIABLE INFORMATION], ,[MAY CONTAIN PERSONALLY IDENTIFIABLE INFORMATION], ,Paradise, ,NV ,[MAY CONTAIN PERSONALLY IDENTIFIABLE INFORMATION], ,Intersection,Dry,No Unusual Conditions,45, ,Daylight,Y, , , , , , , ,,Pickup Truck,No Injuries Reported,Yes,Merging,No,No, , , , , ,Y, , ,Y, , ,Merging,No,No,Yes,0, ,Y, , ,Y, , ,Y, , , , , , ,Y, ,Y, , , ,No,, ,No,, ,, ,, ,Yes, ,"A Zoox vehicle in autonomous mode was stopped in a merge lane from northbound [XXX] onto [XXX] yielding and waiting for cross traffic. As it began to creep forward, it again came to a stop and it was struck by the vehicle behind at low speed. There were no injuries and police were not called. This report was updated to change the mileage section to ""Highlander"".",
30610-5225,1,"Zoox, Inc.",Monthly,4,2023,APR-2023,5TDDCRFH1GS, ,N/A,Toyota,111324, ,2016, ,0d9547747a03581,111324, ,In-Vehicle (Commercial / Test),69.23.03.20, , ,, , ,, , ,, , ,,, , ,,,Yes,ADS,Zoox, , , , ,Y,Y, , ,,MAR-2023, ,MAR-2023,14:40, ,ee7b4bbad8b4c29,[MAY CONTAIN PERSONALLY IDENTIFIABLE INFORMATION], ,[MAY CONTAIN PERSONALLY IDENTIFIABLE INFORMATION], ,[MAY CONTAIN PERSONALLY IDENTIFIABLE INFORMATION], ,Paradise, ,NV ,[MAY CONTAIN PERSONALLY IDENTIFIABLE INFORMATION], ,Intersection,Dry,No Unusual Conditions,45, ,Daylight,Y, , , , , , , ,,Pickup Truck,No Injuries Reported,Yes,Merging,No,No, , , , , ,Y, , ,Y, , ,Merging,No,No,Yes,0, ,Y, , ,Y, , ,Y, , , , , , ,Y, ,Y, , , ,No,, ,No,, ,, ,, ,Yes, ,"A Zoox vehicle in autonomous mode was stopped in a merge lane from northbound [XXX] onto [XXX] yielding and waiting for cross traffic. As it began to creep forward, it again came to a stop and it was struck by the vehicle behind at low speed. There were no injuries and police were not called.",
30270-4882,1,Waymo LLC,Monthly,1,2023,FEB-2023,2C4RC1K74HR, ,N/A,Chrysler,Pacifica, ,2017, ,27c58a6d27dde97,64430, ,None,4th Generation ADS, , ,, , ,, , ,, , ,,, , ,,,Yes,ADS,Waymo LLC, , ,Y, , , , , ,,JAN-2023, ,JAN-2023,13:53, ,34eb0b5b2852fc9,[MAY CONTAIN PERSONALLY IDENTIFIABLE INFORMATION], ,[MAY CONTAIN PERSONALLY IDENTIFIABLE INFORMATION], ,[MAY CONTAIN PERSONALLY IDENTIFIABLE INFORMATION], ,Chandler, ,AZ ,[MAY CONTAIN PERSONALLY IDENTIFIABLE INFORMATION], ,Intersection,Dry,No Unusual Conditions,25, ,Daylight,Y, , , , , , , ,,Pickup Truck,No Injuries Reported,Yes,Proceeding Straight,No,No, , , , , , , , ,Y, , ,Making Right Turn,No,No,No Passengers in Vehicle,0, ,Y, , , , , , , , , , , , ,Y, ,Y,Y, , ,No,, ,Yes,, ,, ,, ,Yes, ,"On January [XXX], 2023 at 1:53 PM PST a Waymo Autonomous Vehicle (Waymo AV) operating in Chandler, Arizona was in a collision involving a pickup truck on [XXX] and [XXX].
While attempting a right turn from [XXX] onto [XXX], the Waymo AV was stopped at a stop sign while yielding to traffic approaching from the left. A truck that had previously been stopped behind the Waymo AV proceeded forward and made contact with the rear of the Waymo AV. At the time of the impact, the Waymo AVs Level 4 ADS was engaged in autonomous mode. The Waymo AV sustained damage.
Waymo is reporting this crash under Request No. 2 of Standing General Order 2021-01. Waymo may supplement or correct its reporting with additional information as it may become available.",
1306-4010,1,Toyota Motor Engineering & Manufacturing,Monthly,9,2022,OCT-2022,2T2JGMDA6LC, ,N/A,Lexus,RX450H, ,2020, ,2d0f63a50d3fd79,19352, ,In-Vehicle (Commercial / Test),4, , ,, , ,, , ,, , ,,, , ,,,Yes,ADS,May Mobility, , , , ,Y, , , ,,AUG-2022, ,SEP-2022,16:15, ,7fb8af01e45e543,[MAY CONTAIN PERSONALLY IDENTIFIABLE INFORMATION], ,[MAY CONTAIN PERSONALLY IDENTIFIABLE INFORMATION], ,[MAY CONTAIN PERSONALLY IDENTIFIABLE INFORMATION], ,Arlington, ,TX ,[MAY CONTAIN PERSONALLY IDENTIFIABLE INFORMATION], ,Intersection,Dry,Work Zone,25, ,Daylight,Y, , , , , , , ,,Pickup Truck,No Injuries Reported,Yes,Proceeding Straight,No,No, , , , , ,Y, , , , , ,Stopped,No,No,Yes,10, , , , ,Y, , , , , , , , , ,Y, ,Y,Y, , ,No,, ,No,, ,, ,, ,Yes, ,"This report is being submitted because May Mobility notified Toyota on Sept. 8, 2022 of Monthly Report submission 1306-3355-1,related to an incident reported in July 2022. Toyota has no additional information on this incident beyond what was submitted in the aforementioned Monthly Report. Please refer to the report from May Mobility for details.",
988-3684,2,PACCAR Incorporated,Update,8,2022,SEP-2022,1XKYD49X7NJ, ,N/A,Kenworth,T680, ,2022, ,f8d0946bbb70e83,10766, ,In-Vehicle (Commercial / Test),,Y, ,, , ,, , ,, , ,,, , ,,,Yes,ADS,"Kodiak Robotics, Inc.", , , , , ,Y, , ,,AUG-2022, ,AUG-2022,18:00, ,2ef7294be596ddb,[MAY CONTAIN PERSONALLY IDENTIFIABLE INFORMATION], ,[MAY CONTAIN PERSONALLY IDENTIFIABLE INFORMATION], ,[MAY CONTAIN PERSONALLY IDENTIFIABLE INFORMATION], ,Palmer, ,TX ,[MAY CONTAIN PERSONALLY IDENTIFIABLE INFORMATION], ,Highway / Freeway,Dry,No Unusual Conditions,75, ,Daylight,Y, , , , , , , ,,Pickup Truck,No Injuries Reported,Yes,Proceeding Straight,No,No, , , , , ,Y, , , , , ,Proceeding Straight,No,No,Yes,15, , , , ,Y, , , , , , , , ,Y,Y, ,Y,Y, , ,No,, ,Yes,, ,, ,, ,Yes, ,"Monthly Report Update: A police report was issued after the original SGO incident reports were submitted and described the cause of the collision as the pick-up truck's failure to control its speed before rear-ending the Kodiak AV. The content of this report is otherwise
unchanged from the initial incident report submitted on August [XXX], 2022.
On August [XXX], 2022, Kodiak Robotics, Inc. (""Kodiak"") filed an Incident Report (the ""Report"") under the Standing General Order 2021-01 (the ""Order""). PACCAR, Inc. (Paccar) manufactured the Kodiak-operated motor vehicle involved in the incident summarized in the Incident Report. Because Paccar is also a Reporting Entity under the Order, Paccar is submitting a duplicate of the redacted public copy of the Report. Paccar has selected ""Unknown"" in the ""ADS version"" field solely to avoid the second submission of nonpublic Kodiak CBI. Paccar is in possession of Kodiak's response to this field and incorporates Kodiak's response into this submission by reference. Paccar's submission is based on facts supplied to Paccar by Kodiak. Paccar has not investigated the alleged incident and has no independent knowledge of the facts in the Report.",
30270-3838,1,Waymo LLC,Monthly,8,2022,SEP-2022,2C4RC1K74HR, ,N/A,Chrysler,Pacifica, ,2017, ,be729ced367406a,99215, ,None,4th Generation ADS, , ,, , ,, , ,, , ,,, , ,,,Yes,ADS,Waymo LLC, , ,Y, , , , , ,,AUG-2022, ,AUG-2022,12:23, ,44f19f59a48c98c,[MAY CONTAIN PERSONALLY IDENTIFIABLE INFORMATION], ,[MAY CONTAIN PERSONALLY IDENTIFIABLE INFORMATION], ,[MAY CONTAIN PERSONALLY IDENTIFIABLE INFORMATION], ,Chandler, ,AZ ,[MAY CONTAIN PERSONALLY IDENTIFIABLE INFORMATION], ,Parking Lot,Dry,No Unusual Conditions,10, ,Daylight,Y, , , , , , , ,,Pickup Truck,No Injuries Reported,Yes,Backing,No,No,Y, , , , , , , , , , ,Stopped,No,No,"No, see Narrative",0, , , , , , , ,Y, , , , , , ,Y, ,Y,Y, , ,No,, ,Yes,, ,, ,, ,Yes, ,"On August [XXX], 2022 at 12:23 PM PST a Waymo Autonomous Vehicle (""Waymo AV"") operating in Chandler, Arizona was in a collision involving a pick-up truck at [XXX]. 
The Waymo AV stopped in a parking lot to drop-off a passenger. Shortly after the Waymo AV pulled over, a pick-up truck that was parked perpendicular to the Waymo AV moved backward and its rear bumper made contact with the passenger side rear quarter panel of the Waymo AV. At the time of the impact, the Waymo AV's Level 4 ADS was engaged in autonomous mode, and the passenger had just unbuckled their seat belt to deboard. Both vehicles sustained damage.
Waymo is reporting this crash under Request No. 2 of Standing General Order 2021-01. Waymo may supplement or correct its reporting with additional information as it may become available.",
502-3864,1,Ford Motor Company,Monthly,8,2022,SEP-2022,1FMCU0DZ4LU, ,N/A,Ford,Escape, ,2020, ,ffc5e4357bf2326,1857, ,In-Vehicle (Commercial / Test),"[REDACTED, MAY CONTAIN CONFIDENTIAL BUSINESS INFORMATION]", ,Y,, , ,, , ,, , ,,, , ,,,Yes,ADS,Argo AI, , , , ,Y,Y, , ,,AUG-2022, ,AUG-2022,17:55, ,346b753bc1fc685,[MAY CONTAIN PERSONALLY IDENTIFIABLE INFORMATION], ,[MAY CONTAIN PERSONALLY IDENTIFIABLE INFORMATION], ,[MAY CONTAIN PERSONALLY IDENTIFIABLE INFORMATION], ,Miami Beach, ,FL ,[MAY CONTAIN PERSONALLY IDENTIFIABLE INFORMATION], ,Street,Dry,No Unusual Conditions,30, ,Daylight,Y, , , , , , , ,,Pickup Truck,No Injuries Reported,Yes,Proceeding Straight,No,No, , , , , ,Y, , , , , ,Stopped,No,No,Yes,0, , , , ,Y, , , , , , , , , , , ,Y,Y, , ,Yes,Miami Beach Police, ,Yes,,Y,,Y,,Y,"[REDACTED, MAY CONTAIN CONFIDENTIAL BUSINESS INFORMATION]",Y,"As reported by Argo AI to Ford on September [XXX], 2022 (Report # 30290-3797-1), An Argo AI Autonomous Vehicle (""Argo AV"") was impacted in the rear while traveling [REDACTED, MAY CONTAIN CONFIDENTIAL BUSINESS INFORMATION]. The Argo AV came to a complete stop at the red traffic light. While the Argo AV was still stationary at the traffic light, which remained red, the previously stopped vehicle directly behind the Argo AV idled forward and contacted the Argo AV's rear bumper. [REDACTED, MAY CONTAIN CONFIDENTIAL BUSINESS INFORMATION]
""Other"" data availability: test vehicle data.",Y
30290-3797,1,Argo AI,Monthly,8,2022,SEP-2022,1FMCU0DZ4LU, ,N/A,Ford,Escape, ,2020, ,ffc5e4357bf2326,1857, ,In-Vehicle (Commercial / Test),"[REDACTED, MAY CONTAIN CONFIDENTIAL BUSINESS INFORMATION]", ,Y,, , ,, , ,, , ,,, , ,,,Yes,ADS,Argo AI, , , , ,Y,Y, , ,,AUG-2022, ,AUG-2022,17:55, ,346b753bc1fc685,[MAY CONTAIN PERSONALLY IDENTIFIABLE INFORMATION], ,[MAY CONTAIN PERSONALLY IDENTIFIABLE INFORMATION], ,[MAY CONTAIN PERSONALLY IDENTIFIABLE INFORMATION], ,Miami Beach, ,FL ,[MAY CONTAIN PERSONALLY IDENTIFIABLE INFORMATION], ,Street,Dry,No Unusual Conditions,30, ,Daylight,Y, , , , , , , ,,Pickup Truck,No Injuries Reported,Yes,Proceeding Straight,No,No, , , , , ,Y, , , , , ,Stopped,No,No,Yes,0, , , , ,Y, , , , , , , , , , , ,Y,Y, , ,Yes,Miami Beach Police, ,Yes,,Y,,Y,,Y,"[REDACTED, MAY CONTAIN CONFIDENTIAL BUSINESS INFORMATION]",Y,"An Argo AI Autonomous Vehicle (""Argo AV"") was impacted in the rear while traveling [REDACTED, MAY CONTAIN CONFIDENTIAL BUSINESS INFORMATION]. The Argo AV came to a complete stop at the red traffic light. While the Argo AV was still stationary at the traffic light, which remained red, the previously stopped vehicle directly behind the Argo AV idled forward and contacted the Argo AV's rear bumper. [REDACTED, MAY CONTAIN CONFIDENTIAL BUSINESS INFORMATION] 
""Other"" data availability: test vehicle data.",Y
30391-3808,1,Kodiak Robotics,Monthly,8,2022,SEP-2022,1XKYD49X7NJ, ,N/A,Kenworth Motor Truck Co,T680, ,2022, ,f8d0946bbb70e83,10766, ,In-Vehicle (Commercial / Test),"[REDACTED, MAY CONTAIN CONFIDENTIAL BUSINESS INFORMATION]", ,Y,, , ,, , ,, , ,,, , ,,,Yes,ADS,"Kodiak Robotics, Inc", , , , , ,Y, , ,,AUG-2022, ,AUG-2022,18:00, ,2ef7294be596ddb,[MAY CONTAIN PERSONALLY IDENTIFIABLE INFORMATION], ,[MAY CONTAIN PERSONALLY IDENTIFIABLE INFORMATION], ,[MAY CONTAIN PERSONALLY IDENTIFIABLE INFORMATION], ,Palmer, ,TX ,[MAY CONTAIN PERSONALLY IDENTIFIABLE INFORMATION], ,Highway / Freeway,Dry,No Unusual Conditions,75, ,Daylight,Y, , , , , , , ,,Pickup Truck,No Injuries Reported,Yes,Proceeding Straight,No,No, , , , , ,Y, , ,Y, , ,Proceeding Straight,No,No,Yes,15, , , , ,Y, , , , , , , , ,Y,Y, ,Y,Y, , ,No,, ,Yes,, ,, ,, ,Yes, ,"Monthly Report Update: A police report was issued after the original SGO incident reports were submitted and described the cause of the collision as the pick-up truck's failure to control its speed before rear-ending the Kodiak AV. The content of this report is otherwise unchanged from the initial incident report submitted on August [REDACTED, MAY CONTAIN CONFIDENTIAL BUSINESS INFORMATION], 2022 [REDACTED, MAY CONTAIN CONFIDENTIAL BUSINESS INFORMATION].
On Aug [REDACTED, MAY CONTAIN CONFIDENTIAL BUSINESS INFORMATION], 2022 at [REDACTED, MAY CONTAIN CONFIDENTIAL BUSINESS INFORMATION] CST a Kodiak Autonomous Vehicle (""Kodiak AV"") Class 8 semi-truck driving southbound on [REDACTED, MAY CONTAIN CONFIDENTIAL BUSINESS INFORMATION] in [REDACTED, MAY CONTAIN CONFIDENTIAL BUSINESS INFORMATION] Texas was rear-ended by a pickup truck. The Kodiak AV had been braking for over 11 seconds in lane to safely accommodate two pedestrians and their vehicles near the fog line on the shoulder when a pickup truck rear-ended the Kodiak AV. 
The Kodiak AV was operating with a safety driver (in the driver's seating position), who transitioned the vehicle from autonomous to manual mode immediately prior to impact. At the time of impact, the Kodiak AV was in manual mode.
No injuries occurred in the incident. The Kodiak AV's rear lightbar sustained minor damage, as did the pickup truck's front bumper and hood.  Both vehicles were able to drive away from the scene. 
Kodiak is reporting this crash under Request No. 1 of the Standing General Order 2021-01 because the Kodiak AV was slowing down for vulnerable road users when it was rear-ended. Kodiak may supplement or correct its reporting with additional information as it may become available.",Y
30413-3764,1,May Mobility,Monthly,8,2022,SEP-2022,2T2JGMDA6LC, ,N/A,LExus,RX450H, ,2020, ,2d0f63a50d3fd79,19352, ,In-Vehicle (Commercial / Test),4, , ,, , ,, , ,, , ,,, , ,,,Yes,ADS,May Mobility, , , , ,Y, , , ,,AUG-2022, ,AUG-2022,16:15, ,7fb8af01e45e543,[MAY CONTAIN PERSONALLY IDENTIFIABLE INFORMATION], ,[MAY CONTAIN PERSONALLY IDENTIFIABLE INFORMATION], ,[MAY CONTAIN PERSONALLY IDENTIFIABLE INFORMATION], ,Arlington, ,TX ,[MAY CONTAIN PERSONALLY IDENTIFIABLE INFORMATION], ,Intersection,Dry,Work Zone,25, ,Daylight,Y, , , , , , , ,,Pickup Truck,No Injuries Reported,Yes,Proceeding Straight,No,No, , , , , ,Y, , , , , ,Stopped,No,No,Yes,10, , , , ,Y, , , , , , , , , ,Y, ,Y,Y, , ,No,, ,No,, ,, ,, ,Yes, ,"May Mobility vehicle is traveling westbound in autonomous mode on [XXX], stopped at a red light. When the traffic light turns green, the subject vehicle accelerates up to approximately 10mph. Approximately halfway through the intersection of [XXX], the subject vehicle begins to slow down due to construction fencing that is intruding into the lane, eventually coming to a complete stop.  The safety operator takes over manual operation via the accelerator pedal, but is struck from the rear by a Toyota pickup that was following. The Toyota was first struck by the Chevy vehicle traveling behind it, pushing the Toyota into the subject vehicle.",
30391-3678,2,Kodiak Robotics,10-Day Update,,,AUG-2022,1XKYD49X7NJ, ,N/A,Kenworth Motor Truck Co,T680, ,2022, ,f8d0946bbb70e83,10766, ,In-Vehicle (Commercial / Test),"[REDACTED, MAY CONTAIN CONFIDENTIAL BUSINESS INFORMATION]", ,Y,, , ,, , ,, , ,,, , ,,,Yes,ADS,"Kodiak Robotics, Inc.", , , , , ,Y, , ,,AUG-2022, ,AUG-2022,18:00, ,2ef7294be596ddb,[MAY CONTAIN PERSONALLY IDENTIFIABLE INFORMATION], ,[MAY CONTAIN PERSONALLY IDENTIFIABLE INFORMATION], ,[MAY CONTAIN PERSONALLY IDENTIFIABLE INFORMATION], ,Palmer, ,TX ,[MAY CONTAIN PERSONALLY IDENTIFIABLE INFORMATION], ,Highway / Freeway,Dry,No Unusual Conditions,75, ,Daylight,Y, , , , , , , ,,Pickup Truck,No Injuries Reported,Yes,Proceeding Straight,No,No, , , , , ,Y, , ,Y, , ,Proceeding Straight,No,No,Yes,15, , , , ,Y, , , , , , , , , ,Y, ,Y,Y, , ,No,, ,Yes,, ,, ,, ,Yes, ,"The content of this report is unchanged from the initial report submitted on August [XXX], 2022 [REDACTED, MAY CONTAIN CONFIDENTIAL BUSINESS INFORMATION].
On Aug [REDACTED, MAY CONTAIN CONFIDENTIAL BUSINESS INFORMATION], 2022 at [REDACTED, MAY CONTAIN CONFIDENTIAL BUSINESS INFORMATION] CST a Kodiak Autonomous Vehicle (""Kodiak AV"") Class 8 semi-truck driving southbound on [REDACTED, MAY CONTAIN CONFIDENTIAL BUSINESS INFORMATION] in [REDACTED, MAY CONTAIN CONFIDENTIAL BUSINESS INFORMATION] Texas was rear-ended by a pickup truck. The Kodiak AV had been braking for over 11 seconds in lane to safely accommodate two pedestrians and their vehicles near the fog line on the shoulder when a pickup truck rear-ended the Kodiak AV. 
The Kodiak AV was operating with a safety driver (in the driver's seating position), who transitioned the vehicle from autonomous to manual mode immediately prior to impact. At the time of impact, the Kodiak AV was in manual mode.
No injuries occurred in the incident. The Kodiak AV's rear lightbar sustained minor damage, as did the pickup truck's front bumper and hood.  Both vehicles were able to drive away from the scene. 
Kodiak is reporting this crash under Request No. 1 of the Standing General Order 2021-01 because the Kodiak AV was slowing down for vulnerable road users when it was rear-ended. Kodiak may supplement or correct its reporting with additional information as it may become available.",Y
988-3684,1,PACCAR Incorporated,Monthly,8,2022,AUG-2022,1XKYD49X7NJ, ,N/A,Kenworth,T680, ,2022, ,f8d0946bbb70e83,10766, ,In-Vehicle (Commercial / Test),,Y, ,, , ,, , ,, , ,,, , ,,,Yes,ADS,"Kodiak Robotics, Inc.", , , , , ,Y, , ,,AUG-2022, ,AUG-2022,18:00, ,2ef7294be596ddb,[MAY CONTAIN PERSONALLY IDENTIFIABLE INFORMATION], ,[MAY CONTAIN PERSONALLY IDENTIFIABLE INFORMATION], ,[MAY CONTAIN PERSONALLY IDENTIFIABLE INFORMATION], ,Palmer, ,TX ,[MAY CONTAIN PERSONALLY IDENTIFIABLE INFORMATION], ,Highway / Freeway,Dry,No Unusual Conditions,75, ,Daylight,Y, , , , , , , ,,Pickup Truck,No Injuries Reported,Yes,Proceeding Straight,No,No, , , , , ,Y, , , , , ,Proceeding Straight,No,No,Yes,15, , , , ,Y, , , , , , , , , ,Y, ,Y,Y, , ,No,, ,Yes,, ,, ,, ,Yes, ,"On August [XXX], 2022, Kodiak Robotics, Inc. (""Kodiak"") filed an Incident Report (the ""Report"") under the Standing General Order 2021-01 (the ""Order""). PACCAR, Inc. (Paccar) manufactured the Kodiak-operated motor vehicle involved in the incident summarized in the Incident Report. Because Paccar is also a Reporting Entity under the Order, Paccar is submitting a duplicate of the redacted public copy of the Report. Paccar has selected ""Unknown"" in the ""ADS version"" field solely to avoid the second submission of nonpublic Kodiak CBI. Paccar is in possession of Kodiak's response to this field and incorporates Kodiak's response into this submission by reference. Paccar's submission is based on facts supplied to Paccar by Kodiak. Paccar has not investigated the alleged incident and has no independent knowledge of the facts in the Report.",