Report ID,Report Version,Reporting Entity,Report Type,Report Month,Report Year,Report Submission Date,VIN,VIN - Unknown,Serial Number,Make,Model,Model - Unknown,Model Year,Model Year - Unknown,Same Vehicle ID,Mileage,Mileage - Unknown,Driver / Operator Type,ADAS/ADS System Version,ADAS/ADS System Version - Unk,ADAS/ADS System Version CBI,ADAS/ADS Hardware Version,ADAS/ADS Hardware Version - Unk,ADAS/ADS Hardware Version CBI,ADAS/ADS Software Version,ADAS/ADS Software Version - Unk,ADAS/ADS Software Version CBI,Other Reporting Entities?,Other Reporting Entities? - Unk,Other Reporting Entities? - NA,Federal Regulatory Exemption?,Other Federal Reg. Exemption,Federal Reg. Exemption - Unk,Federal Reg. Exemption - No,State or Local Permit?,State or Local Permit,ADS Equipped?,Automation System Engaged?,Operating Entity,Operating Entity - Unknown,Source - Complaint/Claim,Source - Telematics,Source - Law Enforcement,Source - Field Report,Source - Testing,Source - Media,Source - Other,Source - Other Text,Incident Date,Incident Date - Unknown,Notice Received Date,Incident Time (24:00),Incident Time - Unknown,Same Incident ID,Latitude,Latitude - Unknown,Longitude,Longitude - Unknown,Address,Address - Unknown,City,City - Unknown,State,Zip Code,Zip Code - Unknown,Roadway Type,Roadway Surface,Roadway Description,Posted Speed Limit (MPH),Posted Speed Limit - Unknown,Lighting,Weather - Clear,Weather - Snow,Weather - Cloudy,Weather - Fog/Smoke,Weather - Rain,Weather - Severe Wind,Weather - Unknown,Weather - Other,Weather - Other Text,Crash With,Highest Injury Severity Alleged,Property Damage?,CP Pre-Crash Movement,CP Any Air Bags Deployed?,CP Was Vehicle Towed?,CP Contact Area - Rear Left,CP Contact Area - Left,CP Contact Area - Front Left,CP Contact Area - Rear,CP Contact Area - Top,CP Contact Area - Front,CP Contact Area - Rear Right,CP Contact Area - Right,CP Contact Area - Front Right,CP Contact Area - Bottom,CP Contact Area - Unknown,SV Pre-Crash Movement,SV Any Air Bags Deployed?,SV Was Vehicle Towed?,SV Were All Passengers Belted?,SV Precrash Speed (MPH),SV Pre-crash Speed - Unknown,SV Contact Area - Rear Left,SV Contact Area - Left,SV Contact Area - Front Left,SV Contact Area - Rear,SV Contact Area - Top,SV Contact Area - Front,SV Contact Area - Rear Right,SV Contact Area - Right,SV Contact Area - Front Right,SV Contact Area - Bottom,SV Contact Area - Unknown,Data Availability - EDR,Data Availability - Police Rpt,Data Availability - Telematics,Data Availability - Complaints,Data Availability - Video,Data Availability - Other,Data Availability - No Data,Data Availability - Unknown,Law Enforcement Investigating?,Investigating Agency,Investigating Agency - Unknown,Rep Ent Or Mfr Investigating?,Investigating Officer Name,Inv. Officer Name - Unknown,Investigating Officer Phone,Inv. Officer Phone - Unknown,Investigating Officer Email,Inv. Officer Email - Unknown,Within ODD?,Within ODD? - CBI,Narrative,Narrative - CBI?
30391-3678,1,Kodiak Robotics,1-Day,,,AUG-2022,1XKYD49X7NJ, ,N/A,Kenworth Motor Truck Co,T680, ,2022, ,f8d0946bbb70e83,10766, ,In-Vehicle (Commercial / Test),"[REDACTED, MAY CONTAIN CONFIDENTIAL BUSINESS INFORMATION]", ,Y,, , ,, , ,, , ,,, , ,,,Yes,ADS,"Kodiak Robotics, Inc.", , , , , ,Y, , ,,AUG-2022, ,AUG-2022,18:00, ,2ef7294be596ddb,[MAY CONTAIN PERSONALLY IDENTIFIABLE INFORMATION], ,[MAY CONTAIN PERSONALLY IDENTIFIABLE INFORMATION], ,[MAY CONTAIN PERSONALLY IDENTIFIABLE INFORMATION], ,Palmer, ,TX ,[MAY CONTAIN PERSONALLY IDENTIFIABLE INFORMATION], ,Highway / Freeway,Dry,No Unusual Conditions,75, ,Daylight,Y, , , , , , , ,,Pickup Truck,No Injuries Reported,Yes,Proceeding Straight,No,No, , , , , ,Y, , ,Y, , ,Proceeding Straight,No,No,Yes,15, , , , ,Y, , , , , , , , , ,Y, ,Y,Y, , ,No,, ,Yes,, ,, ,, ,Yes, ,"On Aug [REDACTED, MAY CONTAIN CONFIDENTIAL BUSINESS INFORMATION], 2022 at [REDACTED, MAY CONTAIN CONFIDENTIAL BUSINESS INFORMATION] CST a Kodiak Autonomous Vehicle (Kodiak AV) Class 8 semi-truck driving southbound on [REDACTED, MAY CONTAIN CONFIDENTIAL BUSINESS INFORMATION] in [REDACTED, MAY CONTAIN CONFIDENTIAL BUSINESS INFORMATION] Texas was rear-ended by a pickup truck. The Kodiak AV had been braking for over 11 seconds in lane to safely accommodate two pedestrians and their vehicles near the fog line on the shoulder when a pickup truck rear-ended the Kodiak AV. 
The Kodiak AV was operating with a safety driver (in the drivers seating position), who transitioned the vehicle from autonomous to manual mode immediately prior to impact. At the time of impact, the Kodiak AV was in manual mode.
No injuries occurred in the incident. The Kodiak AV's rear lightbar sustained minor damage, as did the pickup trucks front bumper and hood.  Both vehicles were able to drive away from the scene. 
Kodiak is reporting this crash under Request No. 1 of the Standing General Order 2021-01 because the Kodiak AV was slowing down for vulnerable road users when it was rear-ended. Kodiak may supplement or correct its reporting with additional information as it may become available.",Y
1306-3355,1,Toyota Motor Engineering & Manufacturing,Monthly,7,2022,AUG-2022,2T2JGMDA7LC, ,N/A,Lexus,RX450H, ,2020, ,3b9ab2e732bb69f,19835, ,In-Vehicle (Commercial / Test),4, , ,, , ,, , ,, , ,,, , ,,,Yes,ADS,May Mobility, , , , , , , ,Y,May Mobility SGO Monthly Report,MAY-2022, ,JUL-2022,16:11, ,3b95fade2333295,[MAY CONTAIN PERSONALLY IDENTIFIABLE INFORMATION], ,[MAY CONTAIN PERSONALLY IDENTIFIABLE INFORMATION], ,[MAY CONTAIN PERSONALLY IDENTIFIABLE INFORMATION], ,Arlington, ,TX ,[MAY CONTAIN PERSONALLY IDENTIFIABLE INFORMATION], ,Street,Dry,No Unusual Conditions,25, ,Daylight,Y, , , , , , , ,,Pickup Truck,No Injuries Reported,Yes,Stopped,No,No, ,Y, , , , , , , , , ,Proceeding Straight,No,No,Yes,11, , , , , , , , ,Y, , , , , , , ,Y,Y, , ,No,, ,Yes,, ,, ,, ,Yes, ,"This report is being submitted because May Mobility notified Toyota on July [XXX], 2022 of Monthly Report submission 30413-3138-1, related to an incident reported in May 2022. Toyota has no additional information on this incident beyond what was submitted in the aforementioned Monthly Report. Please refer to the report from May Mobility for details.",
502-18,2,Ford Motor Company,10-Day Update,,,JUL-2022,3FA6P0MU3KR, ,N/A,Ford,Fusion, ,2019, ,2ad07e63259f51d,10722, ,In-Vehicle (Commercial / Test),"[REDACTED, MAY CONTAIN CONFIDENTIAL BUSINESS INFORMATION]", ,Y,, , ,, , ,, , ,,, , ,,,Yes,ADS,Argo AI, , , , ,Y,Y, , ,,JUL-2021, ,JUL-2021,09:26, ,f700288ccb3ad35,[MAY CONTAIN PERSONALLY IDENTIFIABLE INFORMATION], ,[MAY CONTAIN PERSONALLY IDENTIFIABLE INFORMATION], ,[MAY CONTAIN PERSONALLY IDENTIFIABLE INFORMATION], ,Washington DC, ,DC ,[MAY CONTAIN PERSONALLY IDENTIFIABLE INFORMATION], ,Street,Dry,No Unusual Conditions,25, ,Daylight,Y, , , , , , , ,,Pickup Truck,Minor,Yes,Proceeding Straight,No,No, , , , , ,Y, , , , , ,Stopped,No,Yes,Yes,0, , , , ,Y, , , , , , , , ,Y, , ,Y,Y, , ,Yes,Washington DC Metropolitan Police Department, ,Yes,[MAY CONTAIN PERSONALLY IDENTIFIABLE INFORMATION], ,[MAY CONTAIN PERSONALLY IDENTIFIABLE INFORMATION], ,[MAY CONTAIN PERSONALLY IDENTIFIABLE INFORMATION], ,"[REDACTED, MAY CONTAIN CONFIDENTIAL BUSINESS INFORMATION]",Y,"[REDACTED, MAY CONTAIN CONFIDENTIAL BUSINESS INFORMATION]",Y
30413-3138,1,May Mobility,Monthly,5,2022,JUN-2022,2T2JGMDA7LC, ,N/A,Lexus,RX450H, ,2020, ,3b9ab2e732bb69f,19835, ,In-Vehicle (Commercial / Test),4, , ,, , ,, , ,, , ,,, , ,,,Yes,ADS,May Mobility, , , , ,Y, , , ,,MAY-2022, ,MAY-2022,16:11, ,3b95fade2333295,[MAY CONTAIN PERSONALLY IDENTIFIABLE INFORMATION], ,[MAY CONTAIN PERSONALLY IDENTIFIABLE INFORMATION], ,[MAY CONTAIN PERSONALLY IDENTIFIABLE INFORMATION], ,Arlington, ,TX ,[MAY CONTAIN PERSONALLY IDENTIFIABLE INFORMATION], ,Street,Dry,No Unusual Conditions,25, ,Daylight,Y, , , , , , , ,,Pickup Truck,No Injuries Reported,Yes,Stopped,No,No, ,Y, , , , , , , , , ,Proceeding Straight,No,No,Yes,11, , , , , , , , ,Y, , , , , , , ,Y,Y, , ,No,, ,Yes,, ,, ,, ,Yes, ,"The May vehicle was traveling on an unpainted (no center line) residential road with vehicles parked along the right side of the road. The May vehicle passed too close to a parked vehicle, causing the May vehicle's passenger-side mirror to contact the parked vehicle's driver-side mirror.
The May vehicle's ground mapping module had fallen significantly behind in its processing of lidar data. As a result, actual objects were being filtered out of the lidar data during object detection. This filtering caused the truck to oscillate between being detected, detecting only the cab, detecting the cab and mirror, and not being detected at all.
After assessing the issue, it has been determined that ground map latency alone will not cause safety issues. There is no risk to VRUs, or anything at ground level. The issue was with something in the air (mirror), above the ground.
A permanent fix to address the ground map latency issue is in process and will be implemented in the entire fleet within the next 30 days.
The second factor in the collision is that we were artificially constraining the vehicle to the right side of the road due to ambiguous and unpainted roadway. If we change that constraint to an advisory line (and allow the vehicle to cross the line to the left), we would have been far enough to the left to avoid collision (simulation success).
Solution Implementation: AVO training for extra caution related to protruding items like mirrors (short term), software changes coming in the next update and hotfix (within 30 days), and further improvement in the following update (within 60 days).
Until the tested software changes are implemented, we have advised the AVOs to take extra caution in these scenarios and to continue to disengage autonomy when desired. As always, we sacrifice autonomy for safety, as needed.",
30531-1200,3,Transdev Alternative Services,Update,9,2021,OCT-2021,2C4RC1K78HR, ,N/A,Chrysler,Pacifica, ,2017, ,885ecf217c72a7b,120658, ,In-Vehicle (Commercial / Test),,Y, ,, , ,, , ,, , ,,, , ,,,Yes,ADS,"Waymo, LLC.", , ,Y, ,Y, , , ,,SEP-2021, ,SEP-2021,13:54, ,857232881f1c3c0,,Y,,Y,[MAY CONTAIN PERSONALLY IDENTIFIABLE INFORMATION], ,Tempe, ,AZ ,,Y,Street,Dry,No Unusual Conditions,45, ,Daylight,Y, , , , , , , ,,Pickup Truck,No Injuries Reported,Yes,Making Left Turn,Unknown,Unknown, ,Y, , , , , , , , , ,Stopped,No,Yes,Yes,0, ,Y, , , , , , , , , , , , ,Y, ,Y, , , ,No,, ,Yes,, ,, ,, ,Yes, ,"On September [XXX], 2021 at 1:54 PM PDT, a Wyamo autonomous vehicles (""Waymo AV"") operating in Tempe, AZ was in a collision involving a pickup truck on [XXX] Dr. at [XXX]. While in autonomous mode, the Waymo AV began to enter the right lane of a protected double left turn (lane 2) from northbound S. [XXX] to westbound [XXX]. A pickup truck heading southbound on [XXX] had completely crossed the solid double yellow lines of the northbound double left turn lanes and positioned itself in the left lane of the double turn lane (""lane 1) facing the wrong direction against traffic and was preparing to make a left turn across lane 2 and the other northbound lanes into the a shopping center parking lot on the east side of [XXX]. 
The Waymo AV was traveling in the left lane when the pickup truck began to initiate its left turn from lane 1. The Waymo AV braked and the trained human driver in the Waymo AV (in the drivers seating position) transitioned the vehicle from autonomous mode to manual mode. As the pickup truck made the left turn, the drivers side panels of the pickup truck made contact with the drivers side corner of the Waymo AV, causing moderate damage to the Waymo AV. Damage to the pickup truck is currently unknown. At the time of contact the Waymo AV was in manual mode. 
Transdev Alternative Services is reporting this crash under Request No. 1 of Standing General Order 2021-01 because the Waymo AV was towed away from the scene. Transdev may supplement or update it's reporting with additional information as it may become available. Note: This report is a duplicate to Waymo LLC report (WaymoLLC-202109[XXX]-0 (rev.202109[XXX]174039).
No monthly update to narrative.",
30531-1200,2,Transdev Alternative Services,10-Day Update,,,SEP-2021,2C4RC1K78HR, ,N/A,Chrysler,Pacifica, ,2017, ,885ecf217c72a7b,120658, ,In-Vehicle (Commercial / Test),,Y, ,, , ,, , ,, , ,,, , ,,,Yes,ADS,"Waymo, LLC.", , ,Y, ,Y, , , ,,SEP-2021, ,SEP-2021,13:54, ,857232881f1c3c0,,Y,,Y,[MAY CONTAIN PERSONALLY IDENTIFIABLE INFORMATION], ,Tempe, ,AZ ,,Y,Street,Dry,No Unusual Conditions,45, ,Daylight,Y, , , , , , , ,,Pickup Truck,No Injuries Reported,Yes,Making Left Turn,Unknown,Unknown, ,Y, , , , , , , , , ,Stopped,No,Yes,Yes,0, ,Y, , , , , , , , , , , , ,Y, ,Y, , , ,No,, ,Yes,, ,, ,, ,Yes, ,"On September [XXX], 2021 at 1:54 PM PDT, a Wyamo autonomous vehicles (""Waymo AV"") operating in Tempe, AZ was in a collision involving a pickup truck on [XXX] Dr. at [XXX]. While in autonomous mode, the Waymo AV began to enter the right lane of a protected double left turn (lane 2) from northbound S. [XXX] to westbound [XXX]. A pickup truck heading southbound on [XXX] had completely crossed the solid double yellow lines of the northbound double left turn lanes and positioned itself in the left lane of the double turn lane (lane 1) facing the wrong direction against traffic and was preparing to make a left turn across lane 2 and the other northbound lanes into the a shopping center parking lot on the east side of [XXX]. 
The Waymo AV was traveling in the left lane when the pickup truck began to initiate its left turn from lane 1. The Waymo AV braked and the trained human driver in the Waymo AV (in the drivers seating position) transitioned the vehicle from autonomous mode to manual mode. As the pickup truck made the left turn, the drivers side panels of the pickup truck made contact with the drivers side corner of the Waymo AV, causing moderate damage to the Waymo AV. Damage to the pickup truck is currently unknown. At the time of contact the Waymo AV was in manual mode. 
Transdev Alternative Services is reporting this crash under Request No. 1 of Standing General Order 2021-01 because the Waymo AV was towed away from the scene. Transdev may supplement or update it's reporting with additional information as it may become available. Note: This report is a duplicate to Waymo LLC report (WaymoLLC-202109[XXX]-0 (rev.202109[XXX]174039).
No 10-day update to narrative.",
30270-1236,1,Waymo LLC,1-Day,,,SEP-2021,2C4RC1K78HR, ,N/A,Chrysler,Pacifica, ,2017, ,885ecf217c72a7b,120958, ,In-Vehicle (Commercial / Test),4th Generation ADS, , ,, , ,, , ,, , ,,, , ,,,Yes,ADS,Waymo LLC, , ,Y, , , , , ,,SEP-2021, ,SEP-2021,13:54, ,857232881f1c3c0,[MAY CONTAIN PERSONALLY IDENTIFIABLE INFORMATION], ,[MAY CONTAIN PERSONALLY IDENTIFIABLE INFORMATION], ,[MAY CONTAIN PERSONALLY IDENTIFIABLE INFORMATION], ,Tempe, ,AZ ,[MAY CONTAIN PERSONALLY IDENTIFIABLE INFORMATION], ,Street,Dry,No Unusual Conditions,45, ,Daylight,Y, , , , , , , ,,Pickup Truck,No Injuries Reported,Yes,Making Left Turn,Unknown,Unknown, ,Y, , , , , , , , , ,Stopped,No,Yes,Yes,0, ,Y, , , , , , , , , , , , ,Y, ,Y,Y, , ,No,, ,Yes,, ,, ,, ,Yes, ,"Other than the addition of the zip code in which the incident occurred, the content of this report is unchanged from the initial report submitted on September [XXX], 2021 [Report ID # 30270-1192-1]. 
On September [XXX], 2021 at 1:54 PM PDT, a Waymo Autonomous Vehicle ('Waymo AV') operating in Tempe, AZ was in a collision involving a pickup truck on [XXX] near [XXX]. While in autonomous mode, the Waymo AV began to enter the right lane of a protected double left turn lane (""Lane 2"") from northbound [XXX] to westbound [XXX]. A pickup truck heading southbound on [XXX] had completely crossed the double-yellow lines of the northbound double left turn lanes and positioned itself in the left lane of the double turn lane (""Lane 1"") facing the wrong direction against traffic and was preparing to make a left turn across Lane 2 and the other two northbound lanes into a shopping center parking lot on the east side of [XXX]. 
The Waymo AV was traveling in Lane 2 when the pickup truck began to initiate its left turn from Lane 1. The Waymo AV braked, and the trained human driver in the Waymo AV (in the driver's seating position), transitioned the vehicle from autonomous to manual mode. As the pickup truck made the left turn, the driver's side panels of the pickup truck made contact with the driver's side rear corner of the Waymo AV causing moderate damage to the Waymo AV. Damage to the pickup is currently unknown. At the time of contact, the Waymo AV was in manual mode.
Waymo is reporting this crash under Request No. 1 of Standing General Order 2021-01 because the Waymo AV was towed from the scene. Waymo may supplement or correct its reporting with additional information as it may become available. This report was submitted from the Pacific time zone on the required date, which in this case was the next business day after a weekend.",
30531-1200,1,Transdev Alternative Services,1-Day,,,SEP-2021,2C4RC1K78HR, ,N/A,Chrysler,Pacifica, ,2017, ,885ecf217c72a7b,120658, ,In-Vehicle (Commercial / Test),,Y, ,, , ,, , ,, , ,,, , ,,,Yes,ADS,"Waymo, LLC.", , ,Y, ,Y, , , ,,SEP-2021, ,SEP-2021,13:54, ,857232881f1c3c0,,Y,,Y,[MAY CONTAIN PERSONALLY IDENTIFIABLE INFORMATION], ,Tempe, ,AZ ,,Y,Street,Dry,No Unusual Conditions,45, ,Daylight,Y, , , , , , , ,,Pickup Truck,No Injuries Reported,Yes,Making Left Turn,Unknown,Unknown, ,Y, , , , , , , , , ,Stopped,No,Yes,Yes,0, ,Y, , , , , , , , , , , , ,Y, ,Y, , , ,No,, ,Yes,, ,, ,, ,Yes, ,"On September [XXX], 2021 at 1:54 PM PDT, a Wyamo autonomous vehicles (""Waymo AV"") operating in Tempe, AZ was in a collision involving a pickup truck on [XXX] Dr. at [XXX]. While in autonomous mode, the Waymo AV began to enter the right lane of a protected double left turn (lane 2) from northbound S. [XXX] to westbound [XXX]. A pickup truck heading southbound on [XXX] had completely crossed the solid double yellow lines of the northbound double left turn lanes and positioned itself in the left lane of the double turn lane (""lane 1"") facing the wrong direction against traffic and was preparing to make a left turn across lane 2 and the other northbound lanes into the a shopping center parking lot on the east side of [XXX]ive. 
The Waymo AV was traveling in the left lane when the pickup truck began to initiate its left turn from lane 1. The Waymo AV braked and the trained human driver in the Waymo AV (in the drivers seating position) transitioned the vehicle from autonomous mode to manual mode. As the pickup truck made the left turn, the drivers side panels of the pickup truck made contact with the drivers side corner of the Waymo AV, causing moderate damage to the Waymo AV. Damage to the pickup truck is currently unknown. At the time of contact the Waymo AV was in manual mode. 
Transdev Alternative Services is reporting this crash under Request No. 1 of Standing General Order 2021-01 because the Waymo AV was towed away from the scene. Transdev may supplement or update it's reporting with additional information as it may become available. Note: This report is a duplicate to Waymo LLC report (WaymoLLC-202109[XXX]-0 (rev.202109[XXX]4039).",
30270-1192,1,Waymo LLC,1-Day,,,SEP-2021,2C4RC1K78HR, ,N/A,Chrysler,Pacifica, ,2017, ,885ecf217c72a7b,120958, ,In-Vehicle (Commercial / Test),4th Generation ADS, , ,, , ,, , ,, , ,,, , ,,,Yes,ADS,Waymo LLC, , ,Y, , , , , ,,SEP-2021, ,SEP-2021,13:54, ,857232881f1c3c0,[MAY CONTAIN PERSONALLY IDENTIFIABLE INFORMATION], ,[MAY CONTAIN PERSONALLY IDENTIFIABLE INFORMATION], ,[MAY CONTAIN PERSONALLY IDENTIFIABLE INFORMATION], ,Tempe, ,AZ ,,Y,Street,Dry,No Unusual Conditions,45, ,Daylight,Y, , , , , , , ,,Pickup Truck,No Injuries Reported,Yes,Making Left Turn,Unknown,Unknown, ,Y, , , , , , , , , ,Stopped,No,Yes,Yes,0, ,Y, , , , , , , , , , , , ,Y, ,Y,Y, , ,No,, ,Yes,, ,, ,, ,Yes, ,"On September [XXX], 2021 at 1:54 PM PDT, a Waymo Autonomous Vehicle ('Waymo AV') operating in Tempe, AZ was in a collision involving a pickup truck on [XXX] near [XXX]. While in autonomous mode, the Waymo AV began to enter the right lane of a protected double left turn lane ('Lane 2') from northbound [XXX] to westbound [XXX]. A pickup truck heading southbound on [XXX] had completely crossed the double-yellow lines of the northbound double left turn lanes and positioned itself in the left lane of the double turn lane ('Lane 1') facing the wrong direction against traffic and was preparing to make a left turn across Lane 2 and the other two northbound lanes into a shopping center parking lot on the east side of [XXX]. 
The Waymo AV was traveling in Lane 2 when the pickup truck began to initiate its left turn from Lane 1. The Waymo AV braked, and the trained human driver in the Waymo AV (in the driver's seating position), transitioned the vehicle from autonomous to manual mode. As the pickup truck made the left turn, the driver's side panels of the pickup truck made contact with the driver's side rear corner of the Waymo AV causing moderate damage to the Waymo AV. Damage to the pickup is currently unknown. At the time of contact, the Waymo AV was in manual mode.
Waymo is reporting this crash under Request No. 1 of Standing General Order 2021-01 because the Waymo AV was towed from the scene. Waymo may supplement or correct its reporting with additional information as it may become available. This report was submitted from the Pacific time zone on the required date.",
30290-15,2,Argo AI,10-Day Update,,,AUG-2021,3FA6P0MU3KR, ,,Ford,Fusion, ,2019, ,2ad07e63259f51d,10722, ,In-Vehicle (Commercial / Test),"[REDACTED, MAY CONTAIN CONFIDENTIAL BUSINESS INFORMATION]", ,Y,, , ,, , ,, , ,,, , ,,,Yes,ADS,Argo AI, , , , ,Y,Y, , ,,JUL-2021, ,JUL-2021,09:26, ,f700288ccb3ad35,[MAY CONTAIN PERSONALLY IDENTIFIABLE INFORMATION], ,[MAY CONTAIN PERSONALLY IDENTIFIABLE INFORMATION], ,[MAY CONTAIN PERSONALLY IDENTIFIABLE INFORMATION], ,Washington DC, ,DC ,[MAY CONTAIN PERSONALLY IDENTIFIABLE INFORMATION], ,Street,Dry,No Unusual Conditions,25, ,Daylight,Y, , , , , , , ,,Pickup Truck,Minor,Yes,Proceeding Straight,No,No, , , , , ,Y, , , , , ,Stopped,No,Yes,Yes,0, , , , ,Y, , , , , , , , ,Y, , ,Y,Y, , ,Yes,Washington DC Metropolitan Police Department, ,Yes,[MAY CONTAIN PERSONALLY IDENTIFIABLE INFORMATION], ,[MAY CONTAIN PERSONALLY IDENTIFIABLE INFORMATION], ,[MAY CONTAIN PERSONALLY IDENTIFIABLE INFORMATION], ,"[REDACTED, MAY CONTAIN CONFIDENTIAL BUSINESS INFORMATION]",Y,"[REDACTED, MAY CONTAIN CONFIDENTIAL BUSINESS INFORMATION]",Y
502-18,1,Ford Motor Company,1-Day,,,JUL-2021,3FA6P0MU3KR, ,,Ford,Fusion, ,2019, ,2ad07e63259f51d,10722, ,In-Vehicle (Commercial / Test),"[REDACTED, MAY CONTAIN CONFIDENTIAL BUSINESS INFORMATION]", ,Y,, , ,, , ,, , ,,, , ,,,Yes,ADS,Argo AI, , , , ,Y,Y, , ,,JUL-2021, ,JUL-2021,09:26, ,f700288ccb3ad35,[MAY CONTAIN PERSONALLY IDENTIFIABLE INFORMATION], ,[MAY CONTAIN PERSONALLY IDENTIFIABLE INFORMATION], ,[MAY CONTAIN PERSONALLY IDENTIFIABLE INFORMATION], ,Washington DC, ,DC ,[MAY CONTAIN PERSONALLY IDENTIFIABLE INFORMATION], ,Street,Dry,No Unusual Conditions,25, ,Daylight,Y, , , , , , , ,,Pickup Truck,Minor,Yes,Proceeding Straight,No,No, , , , , ,Y, , , , , ,Stopped,No,Yes,Yes,0, , , , ,Y, , , , , , , , ,Y, , ,Y,Y, , ,Yes,Washington DC Metropolitan Police Department, ,Yes,[MAY CONTAIN PERSONALLY IDENTIFIABLE INFORMATION], ,[MAY CONTAIN PERSONALLY IDENTIFIABLE INFORMATION], ,[MAY CONTAIN PERSONALLY IDENTIFIABLE INFORMATION], ,"[REDACTED, MAY CONTAIN CONFIDENTIAL BUSINESS INFORMATION]",Y,"[REDACTED, MAY CONTAIN CONFIDENTIAL BUSINESS INFORMATION]",Y
30290-15,1,Argo AI,1-Day,,,JUL-2021,3FA6P0MU3KR, ,,Ford,Fusion, ,2019, ,2ad07e63259f51d,10722, ,In-Vehicle (Commercial / Test),"[REDACTED, MAY CONTAIN CONFIDENTIAL BUSINESS INFORMATION]", ,Y,, , ,, , ,, , ,,, , ,,,Yes,ADS,Argo AI, , , , ,Y,Y, , ,,JUL-2021, ,JUL-2021,09:26, ,f700288ccb3ad35,[MAY CONTAIN PERSONALLY IDENTIFIABLE INFORMATION], ,[MAY CONTAIN PERSONALLY IDENTIFIABLE INFORMATION], ,[MAY CONTAIN PERSONALLY IDENTIFIABLE INFORMATION], ,Washington DC, ,DC ,[MAY CONTAIN PERSONALLY IDENTIFIABLE INFORMATION], ,Street,Dry,No Unusual Conditions,25, ,Daylight,Y, , , , , , , ,,Pickup Truck,Minor,Yes,Proceeding Straight,No,No, , , , , ,Y, , , , , ,Stopped,No,Yes,Yes,0, , , , ,Y, , , , , , , , ,Y, , ,Y,Y, , ,Yes,Washington DC Metropolitan Police Department, ,Yes,[MAY CONTAIN PERSONALLY IDENTIFIABLE INFORMATION], ,[MAY CONTAIN PERSONALLY IDENTIFIABLE INFORMATION], ,[MAY CONTAIN PERSONALLY IDENTIFIABLE INFORMATION], ,"[REDACTED, MAY CONTAIN CONFIDENTIAL BUSINESS INFORMATION]",Y,"[REDACTED, MAY CONTAIN CONFIDENTIAL BUSINESS INFORMATION]",Y