Report ID,Report Version,Reporting Entity,Report Type,Report Month,Report Year,Report Submission Date,VIN,VIN - Unknown,Serial Number,Make,Model,Model - Unknown,Model Year,Model Year - Unknown,Same Vehicle ID,Mileage,Mileage - Unknown,Driver / Operator Type,ADAS/ADS System Version,ADAS/ADS System Version - Unk,ADAS/ADS System Version CBI,ADAS/ADS Hardware Version,ADAS/ADS Hardware Version - Unk,ADAS/ADS Hardware Version CBI,ADAS/ADS Software Version,ADAS/ADS Software Version - Unk,ADAS/ADS Software Version CBI,Other Reporting Entities?,Other Reporting Entities? - Unk,Other Reporting Entities? - NA,Federal Regulatory Exemption?,Other Federal Reg. Exemption,Federal Reg. Exemption - Unk,Federal Reg. Exemption - No,State or Local Permit?,State or Local Permit,ADS Equipped?,Automation System Engaged?,Operating Entity,Operating Entity - Unknown,Source - Complaint/Claim,Source - Telematics,Source - Law Enforcement,Source - Field Report,Source - Testing,Source - Media,Source - Other,Source - Other Text,Incident Date,Incident Date - Unknown,Notice Received Date,Incident Time (24:00),Incident Time - Unknown,Same Incident ID,Latitude,Latitude - Unknown,Longitude,Longitude - Unknown,Address,Address - Unknown,City,City - Unknown,State,Zip Code,Zip Code - Unknown,Roadway Type,Roadway Surface,Roadway Description,Posted Speed Limit (MPH),Posted Speed Limit - Unknown,Lighting,Weather - Clear,Weather - Snow,Weather - Cloudy,Weather - Fog/Smoke,Weather - Rain,Weather - Severe Wind,Weather - Unknown,Weather - Other,Weather - Other Text,Crash With,Highest Injury Severity Alleged,Property Damage?,CP Pre-Crash Movement,CP Any Air Bags Deployed?,CP Was Vehicle Towed?,CP Contact Area - Rear Left,CP Contact Area - Left,CP Contact Area - Front Left,CP Contact Area - Rear,CP Contact Area - Top,CP Contact Area - Front,CP Contact Area - Rear Right,CP Contact Area - Right,CP Contact Area - Front Right,CP Contact Area - Bottom,CP Contact Area - Unknown,SV Pre-Crash Movement,SV Any Air Bags Deployed?,SV Was Vehicle Towed?,SV Were All Passengers Belted?,SV Precrash Speed (MPH),SV Pre-crash Speed - Unknown,SV Contact Area - Rear Left,SV Contact Area - Left,SV Contact Area - Front Left,SV Contact Area - Rear,SV Contact Area - Top,SV Contact Area - Front,SV Contact Area - Rear Right,SV Contact Area - Right,SV Contact Area - Front Right,SV Contact Area - Bottom,SV Contact Area - Unknown,Data Availability - EDR,Data Availability - Police Rpt,Data Availability - Telematics,Data Availability - Complaints,Data Availability - Video,Data Availability - Other,Data Availability - No Data,Data Availability - Unknown,Law Enforcement Investigating?,Investigating Agency,Investigating Agency - Unknown,Rep Ent Or Mfr Investigating?,Investigating Officer Name,Inv. Officer Name - Unknown,Investigating Officer Phone,Inv. Officer Phone - Unknown,Investigating Officer Email,Inv. Officer Email - Unknown,Within ODD?,Within ODD? - CBI,Narrative,Narrative - CBI?
30792-9317,1,WeRide Corp,Monthly,12,2024,DEC-2024,1N4CZ1CV5PC, ,N/A,Nissan,Leaf, ,2023, ,19fb8b9d72e2ce2,19721, ,In-Vehicle (Commercial / Test),3178f6b66010d950536a144a9708fb8f2e8956cd, , ,MU1.7, , ,5.1, , ,, ,Y,,, ,Y,Yes (specify below),CA DMV AVT PERMIT,Yes,ADS,WeRide, , ,Y, ,Y,Y, , ,,NOV-2024, ,NOV-2024,13:27, ,0d5ca89e842c2f1,[MAY CONTAIN PERSONALLY IDENTIFIABLE INFORMATION], ,[MAY CONTAIN PERSONALLY IDENTIFIABLE INFORMATION], ,[MAY CONTAIN PERSONALLY IDENTIFIABLE INFORMATION], ,San Jose, ,CA ,[MAY CONTAIN PERSONALLY IDENTIFIABLE INFORMATION], ,Intersection,Dry,No Unusual Conditions,35, ,Daylight,Y, , , , , , , ,,Pickup Truck,No Injuries Reported,No,Making Left Turn,No,No, , , , , ,Y, , , , , ,Making Left Turn,No,No,Yes,0, , , , ,Y, , , , , , , , , ,Y, ,Y, , , ,No,, ,Yes,, ,, ,, ,Yes, ,"On November [XXX] at 1:27pm, Car 1 (weride av) - while ADS Engaged -  was making a legal, protected, left turn from [XXX]. Car 1, turning onto [XXX], performed the turn from the second lane from the left and was travelling 11 mph when Car 1 then slowed down while still in the intersection. It is at this time Car 1's safety driver disengaged ADS of Car 1 this put car 1 into manual mode. It is at this time when car 2 (Ford f-150 XLT), traveling at 18 mph, approximately less than 13 feet away from Car 1 and also making a left turn from [XXX] within the same lane as car 1, struck and rear ended car 1 while both cars were still in the intersection.
At the time of impact Car 1 (Weride AV) ADS was not engaged.
Car 1 sustained minor damage to its rear bumper and car 2 sustained minor damage to front bumper. Both parties pulled over to exchange information.
Car 2 did not provide Registration and Insurance for their respective car. Car 2's driver did give us driver's license information but the driver of the vehicle (car 2) at the time of the incident was a different person than that represented on the driver's license presented.
There was no injuries, no property damage and no police were called.",
30270-9039,2,Waymo LLC,10-Day Update,,,NOV-2024,SADHW2S16M1, ,N/A,Jaguar,I-Pace, ,2021, ,d13ac18a7edf332,115280, ,None,5th Generation ADS, , ,5th Generation, , ,Version 9, , ,, ,Y,,, ,Y,Yes (specify below),"CA DMV, CA PUC          ",Yes,ADS,Waymo LLC, , ,Y, , , , , ,,NOV-2024, ,NOV-2024,09:00, ,f54df4d20d34fd6,[MAY CONTAIN PERSONALLY IDENTIFIABLE INFORMATION], ,[MAY CONTAIN PERSONALLY IDENTIFIABLE INFORMATION], ,[MAY CONTAIN PERSONALLY IDENTIFIABLE INFORMATION], ,San Francisco, ,CA ,[MAY CONTAIN PERSONALLY IDENTIFIABLE INFORMATION], ,Intersection,Dry,"Other, see Narrative",25, ,Daylight,Y, , , , , , , ,,Pickup Truck,No Injuries Reported,Yes,Changing Lanes,No,No, , , , , , , ,Y, , , ,Stopped,No,No,Yes,0, ,Y, , , , , , , , , , , , ,Y, ,Y,Y, , ,No,, ,Yes,, ,, ,, ,Yes, ,"The content of this report is unchanged from the initial report submitted on November 7, 2024 [REDACTED, MAY CONTAIN CONFIDENTIAL BUSINESS INFORMATION]. 
On November [XXX], 2024 at 9:00 AM PT a Waymo Autonomous Vehicle (Waymo AV) operating in San Francisco, California was in a collision involving a pickup truck on [XXX] at [XXX].
The Waymo AV was traveling northeast in the rightmost lane of [XXX] when it slowed to a stop at the intersection with [XXX] (just as the traffic light changed from yellow to red) to yield to a traffic control officer who was directing traffic in the crosswalk. While the traffic light remained red, the Waymo AV reversed approximately one car length at a low rate of speed then slowed to a stop. When the traffic light ahead of the Waymo AV turned green and the Waymo AV remained stopped, a pickup truck that had pulled up behind the Waymo AV changed lanes into the left adjacent lane to maneuver around the Waymo AV, making contact with the rear driver side corner of the Waymo AV. The pickup truck then reversed briefly before proceeding through the intersection. At the time of the impact, the Waymo AVs Level 4 ADS was engaged in autonomous mode. Both vehicles sustained damage.
Waymo is reporting this crash under Request No. 1 of Standing General Order 2021-01 because a vulnerable road user influenced the driving task of a vehicle involved. Waymo may supplement or correct its reporting with additional information as it may become available.",
30270-9175,1,Waymo LLC,Monthly,10,2024,NOV-2024,SADHW2S12M1, ,N/A,Jaguar,I-Pace, ,2021, ,1599ac052bcdb57,104532, ,None,5th Generation ADS, , ,5th Generation, , ,Version 9, , ,, ,Y,,, ,Y,Yes (specify below),"CA DMV, CA PUC       ",Yes,ADS,Waymo LLC, , ,Y, , , , , ,,OCT-2024, ,OCT-2024,10:40, ,9600255bf152048,[MAY CONTAIN PERSONALLY IDENTIFIABLE INFORMATION], ,[MAY CONTAIN PERSONALLY IDENTIFIABLE INFORMATION], ,[MAY CONTAIN PERSONALLY IDENTIFIABLE INFORMATION], ,San Francisco, ,CA ,[MAY CONTAIN PERSONALLY IDENTIFIABLE INFORMATION], ,Street,Dry,No Unusual Conditions,25, ,Daylight, , ,Y, , , , , ,,Pickup Truck,No Injuries Reported,Yes,Parking Maneuver,No,No,Y, , , , , , , , , , ,Stopped,No,No,No Passengers in Vehicle,0, , , , , , , , , ,Y, , , , ,Y, ,Y,Y, , ,No,, ,Yes,, ,, ,, ,Yes, ,"On October [XXX], 2024 at 10:40 AM PT a Waymo Autonomous Vehicle (Waymo AV) operating in San Francisco, California was in a collision involving a pickup truck on [XXX] at [XXX].
The Waymo AV was traveling northwest on [XXX] when it came to a stop to yield to a pickup truck directly ahead that began reversing to parallel park. While the Waymo AV remained stopped, the pickup truck continued to reverse at a low rate of speed. The rear driver side of the pickup truck then made contact with the front passenger side of the Waymo AV. At the time of the impact, the Waymo AVs Level 4 ADS was engaged in autonomous mode. Both vehicles sustained damage.
Waymo is reporting this crash under Request No. 2 of Standing General Order 2021-01. Waymo may supplement or correct its reporting with additional information as it may become available.",
30270-9127,1,Waymo LLC,Monthly,10,2024,NOV-2024,SADHW2S15R1, ,N/A,Jaguar,I-Pace, ,2024, ,d1ad9f6bf4db571,23423, ,None,5th Generation ADS, , ,5th Generation, , ,Version 9, , ,, ,Y,,, ,Y,Yes (specify below),"CA DMV, CA PUC",Yes,ADS,Waymo LLC, , ,Y, , , , , ,,OCT-2024, ,OCT-2024,19:20, ,d501e7edc4b411b,[MAY CONTAIN PERSONALLY IDENTIFIABLE INFORMATION], ,[MAY CONTAIN PERSONALLY IDENTIFIABLE INFORMATION], ,[MAY CONTAIN PERSONALLY IDENTIFIABLE INFORMATION], ,San Francisco, ,CA ,[MAY CONTAIN PERSONALLY IDENTIFIABLE INFORMATION], ,Street,Dry,No Unusual Conditions,25, ,Dark - Lighted, , ,Y, , , , , ,,Pickup Truck,No Injuries Reported,Yes,Backing,No,No, , , , , , ,Y, , , , ,Stopped,No,No,Yes,0, , , ,Y, , , , , , , , , , ,Y, ,Y,Y, , ,Yes,San Francisco Police Department, ,Yes,[MAY CONTAIN PERSONALLY IDENTIFIABLE INFORMATION], ,,Y,,Y,Yes, ,"On October [XXX], 2024 at 7:20 PM PT a Waymo Autonomous Vehicle (""Waymo AV"") operating in San Francisco, California was in a collision involving a pickup truck on [XXX] at [XXX]. 
The Waymo AV was traveling south on [XXX] when a pickup truck began reversing out of a driveway located on the east side of the roadway. The Waymo AV came to a stop and shifted into reverse to make room for the pickup truck, but before the AV could reverse, the rear of the pickup truck made contact with the front driver side of the Waymo AV.  At the time of the impact, the Waymo AV's Level 4 ADS was engaged in autonomous mode. The Waymo AV sustained damage.
Waymo is reporting this crash under Request No. 2 of Standing General Order 2021-01.  Waymo may supplement or correct its reporting with additional information as it may become available.",
30270-9039,1,Waymo LLC,1-Day,,,NOV-2024,SADHW2S16M1, ,N/A,Jaguar,I-Pace, ,2021, ,d13ac18a7edf332,115280, ,None,5th Generation ADS, , ,5th Generation, , ,Version 9, , ,, ,Y,,, ,Y,Yes (specify below),"CA DMV, CA PUC          ",Yes,ADS,Waymo LLC, , ,Y, , , , , ,,NOV-2024, ,NOV-2024,09:00, ,f54df4d20d34fd6,[MAY CONTAIN PERSONALLY IDENTIFIABLE INFORMATION], ,[MAY CONTAIN PERSONALLY IDENTIFIABLE INFORMATION], ,[MAY CONTAIN PERSONALLY IDENTIFIABLE INFORMATION], ,San Francisco, ,CA ,[MAY CONTAIN PERSONALLY IDENTIFIABLE INFORMATION], ,Intersection,Dry,"Other, see Narrative",25, ,Daylight,Y, , , , , , , ,,Pickup Truck,No Injuries Reported,Yes,Changing Lanes,No,No, , , , , , , ,Y, , , ,Stopped,No,No,Yes,0, ,Y, , , , , , , , , , , , ,Y, ,Y,Y, , ,No,, ,Yes,, ,, ,, ,Yes, ,"On November [XXX], 2024 at 9:00 AM PT a Waymo Autonomous Vehicle (Waymo AV) operating in San Francisco, California was in a collision involving a pickup truck on [XXX] at [XXX].
The Waymo AV was traveling northeast in the rightmost lane of [XXX] when it slowed to a stop at the intersection with [XXX] (just as the traffic light changed from yellow to red) to yield to a traffic control officer who was directing traffic in the crosswalk. While the traffic light remained red, the Waymo AV reversed approximately one car length at a low rate of speed then slowed to a stop. When the traffic light ahead of the Waymo AV turned green and the Waymo AV remained stopped, a pickup truck that had pulled up behind the Waymo AV changed lanes into the left adjacent lane to maneuver around the Waymo AV, making contact with the rear driver side corner of the Waymo AV. The pickup truck then reversed briefly before proceeding through the intersection. At the time of the impact, the Waymo AVs Level 4 ADS was engaged in autonomous mode. Both vehicles sustained damage.
Waymo is reporting this crash under Request No. 1 of Standing General Order 2021-01 because a vulnerable road user influenced the driving task of a vehicle involved. Waymo may supplement or correct its reporting with additional information as it may become available.",
30270-8927,1,Waymo LLC,5-Day,,,OCT-2024,SADHW2S10R1, ,N/A,Jaguar,I-Pace, ,2024, ,54003ed86083398,18646, ,None,5th Generation ADS, , ,5th Generation, , ,Version 9, , ,, ,Y,,, ,Y,Yes (specify below),"CA DMV, CA PUC       ",Yes,ADS,Waymo LLC, , ,Y, , , , , ,,OCT-2024, ,OCT-2024,17:04, ,f615c017d4c3424,[MAY CONTAIN PERSONALLY IDENTIFIABLE INFORMATION], ,[MAY CONTAIN PERSONALLY IDENTIFIABLE INFORMATION], ,[MAY CONTAIN PERSONALLY IDENTIFIABLE INFORMATION], ,South San Francisco, ,CA ,[MAY CONTAIN PERSONALLY IDENTIFIABLE INFORMATION], ,Street,Dry,No Unusual Conditions,35, ,Daylight, , ,Y, , , , , ,,Pickup Truck,No Injuries Reported,Yes,Crossing into Opposing Lane,No,Yes, , ,Y, , ,Y, , , , , ,Stopped,No,Yes,No Passengers in Vehicle,0, ,Y, , , , , , , , , , , , ,Y, ,Y,Y, , ,Yes,San Francisco Police Department, ,Yes,[MAY CONTAIN PERSONALLY IDENTIFIABLE INFORMATION], ,,Y,,Y,Yes, ,"On October [XXX], 2024 at 5:04 PM PT a Waymo Autonomous Vehicle (Waymo AV) operating in South San Francisco, California was in a collision involving a pickup truck (Chevrolet El Camino) on [XXX] at [XXX].
The Waymo AV was traveling northwest on [XXX] when it came to a stop behind a queue of traffic in the rightmost dedicated left turn lane at the intersection with [XXX]. Simultaneously, a pickup truck was traveling southeast on [XXX] in the center of three lanes when a passenger car entered the center southeast lane from a driveway to the right of the pickup truck. As the passenger car entered the center southeast lane just in front of the pickup truck, the pickup truck swerved to the left, crossing the curbed median. The front of the pickup truck then made contact with the rear driver side of the stopped Waymo AV and with the rear driver side of another pickup truck traveling two lanes to the right of the Waymo AV. At the time of the impact, the Waymo AVs Level 4 ADS was engaged in autonomous mode. All three vehicles sustained damage.
Waymo is reporting this crash under Request No. 1 of Standing General Order 2021-01 because a vehicle involved was towed away.  Waymo may supplement or correct its reporting with additional information as it may become available.",
30270-8512,1,Waymo LLC,5-Day,,,SEP-2024,SADHW2S15R1, ,N/A,Jaguar,I-Pace, ,2024, ,80d31b5144a91e5,1381, ,None,5th Generation ADS, , ,5th Generation, , ,Version 9, , ,, ,Y,,, ,Y,Yes (specify below),"CA DMV, CA PUC",Yes,ADS,Waymo LLC, , ,Y, , , , , ,,SEP-2024, ,SEP-2024,02:54, ,893ca66fc11a25c,[MAY CONTAIN PERSONALLY IDENTIFIABLE INFORMATION], ,[MAY CONTAIN PERSONALLY IDENTIFIABLE INFORMATION], ,[MAY CONTAIN PERSONALLY IDENTIFIABLE INFORMATION], ,Los Angeles, ,CA ,[MAY CONTAIN PERSONALLY IDENTIFIABLE INFORMATION], ,Street,Dry,No Unusual Conditions,35, ,Dark - Lighted,Y, , , , , , , ,,Pickup Truck,No Injuries Reported,Yes,Backing,No,No,Y, , ,Y, , ,Y, , , , ,Proceeding Straight,No,Yes,Yes,26, , , , , , , ,Y,Y, , , , , ,Y, ,Y,Y, , ,No,, ,Yes,, ,, ,, ,Yes, ,"On September [XXX], 2024 at 2:54 AM PT a Waymo Autonomous Vehicle (""Waymo AV"") operating in Los Angeles, California was in a collision involving a pickup truck on [XXX] at [XXX]. 
The Waymo AV was traveling eastbound on [XXX] in the rightmost of the two eastbound travel lanes when a pickup truck began reversing out of a driveway located on the south side of the roadway. The rear of the pickup truck made contact with the rear passenger side and rear right corner of the Waymo AV as the Waymo AV passed. At the time of the impact, the Waymo AV's Level 4 ADS was engaged in autonomous mode. The Waymo AV sustained damage.
Waymo is reporting this crash under Request No. 1 of Standing General Order 2021-01 because a vehicle involved was towed away. Waymo may supplement or correct its reporting with additional information as it may become available.",
30270-8384,1,Waymo LLC,Monthly,7,2024,AUG-2024,SADHW2S11R1, ,N/A,Jaguar,I-Pace, ,2024, ,2c6cb507a6366c8,9047, ,None,5th Generation ADS, , ,5th Generation, , ,Version 9, , ,, ,Y,,, ,Y,Yes (specify below),"CA DMV, CA PUC",Yes,ADS,Waymo LLC, , ,Y, , , , , ,,JUL-2024, ,JUL-2024,15:09, ,53150c4d8157ecd,[MAY CONTAIN PERSONALLY IDENTIFIABLE INFORMATION], ,[MAY CONTAIN PERSONALLY IDENTIFIABLE INFORMATION], ,[MAY CONTAIN PERSONALLY IDENTIFIABLE INFORMATION], ,Los Angeles, ,CA ,[MAY CONTAIN PERSONALLY IDENTIFIABLE INFORMATION], ,Street,Dry,No Unusual Conditions,25, ,Daylight,Y, , , , , , , ,,Pickup Truck,No Injuries Reported,Yes,Proceeding Straight,No,No, , ,Y, , , , , , , , ,Stopped,No,No,No Passengers in Vehicle,0, ,Y, , , , , , , , , , , , ,Y, ,Y,Y, , ,No,, ,Yes,, ,, ,, ,Yes, ,"On July [XXX], 2024 at 3:09 PM PT a Waymo Autonomous Vehicle (""Waymo AV"") operating in Los Angeles, California was in a collision involving a pickup truck on [XXX] near [XXX]. 
The Waymo AV was traveling northbound on [XXX] when it came to a stop to yield to an oncoming pickup truck in a narrow roadway with parked vehicles on both sides of the street. As the oncoming pickup truck passed the stopped Waymo AV, the front driver's side of the pickup truck made contact with the driver's side rear of the Waymo AV. At the time of the impact, the Waymo AV's Level 4 ADS was engaged in autonomous mode. The Waymo AV sustained damage and the pickup truck left the scene. 
Waymo is reporting this crash under Request No. 2 of Standing General Order 2021-01. Waymo may supplement or correct its reporting with additional information as it may become available.",
30270-8141,1,Waymo LLC,Monthly,6,2024,JUL-2024,SADHW2S15M1, ,N/A,Jaguar,I-Pace, ,2021, ,cf47330bf588a9a,85292, ,None,5th Generation ADS, , ,5th Generation, , ,Version 9, , ,, ,Y,,, ,Y,Yes (specify below),"CA DMV, CA PUC						",Yes,ADS,Waymo LLC, , ,Y, , , , , ,,JUN-2024, ,JUN-2024,18:05, ,a95a53d3d5c107d,[MAY CONTAIN PERSONALLY IDENTIFIABLE INFORMATION], ,[MAY CONTAIN PERSONALLY IDENTIFIABLE INFORMATION], ,[MAY CONTAIN PERSONALLY IDENTIFIABLE INFORMATION], ,San Francisco, ,CA ,[MAY CONTAIN PERSONALLY IDENTIFIABLE INFORMATION], ,Street,Dry,No Unusual Conditions,25, ,Daylight, , ,Y, , , , , ,,Pickup Truck,No Injuries Reported,Yes,Proceeding Straight,No,No,Y, , , , , , , , , , ,Stopped,No,No,No Passengers in Vehicle,0, ,Y, , , , , , , , , , , , ,Y, ,Y,Y, , ,No,, ,Yes,, ,, ,, ,Yes, ,"On June [XXX], 2024 at 6:05 PM PT a Waymo Autonomous Vehicle (Waymo AV) operating in [XXX], California was in a collision involving a pickup truck on [XXX] near [XXX]. 
The Waymo AV was traveling east on [XXX] at a location where the width of the roadway is narrow, and there were lines of parked vehicles on both sides of the roadway. A pickup truck traveling west on [XXX] approached the Waymo AV and the Waymo AV shifted to the right side of the road and came to a stop to allow the pickup truck to pass. As the pickup truck passed the Waymo AV, the rear driver side fender of the pickup truck made contact with the rear driver side corner of the Waymo AV.  At the time of the impact, the Waymo AVs Level 4 ADS was engaged in autonomous mode. Both vehicles sustained damage.
Waymo is reporting this crash under Request No. 2 of Standing General Order 2021-01. Waymo may supplement or correct its reporting with additional information as it may become available.",
540-1517,2,"General Motors, LLC",Update,,,JUL-2024,5G21A6P02L4, ,N/A,Chevrolet,Bolt, ,2020, ,dc64b32fa4888fb,24248, ,In-Vehicle and Remote (Commercial / Test),,Y, ,,Y, ,,Y, ,Cruise LLC, , ,,, ,Y,Yes (specify below),CA,Yes,ADS,Cruise, , , , , ,Y, , ,,AUG-2021, ,JUL-2024,12:58, ,75b4756180a9b45,[MAY CONTAIN PERSONALLY IDENTIFIABLE INFORMATION], ,[MAY CONTAIN PERSONALLY IDENTIFIABLE INFORMATION], ,[MAY CONTAIN PERSONALLY IDENTIFIABLE INFORMATION], ,San Francisco, ,CA ,[MAY CONTAIN PERSONALLY IDENTIFIABLE INFORMATION], ,Intersection,Dry,No Unusual Conditions,25, ,Daylight,Y, , , , , , , ,,Pickup Truck,No Injuries Reported,Yes,Proceeding Straight,No,No, , ,Y, , ,Y, , ,Y, , ,Proceeding Straight,No,No,Yes,22, ,Y,Y, , , , , , , , , ,Y, ,Y, ,Y,Y, , ,No,, ,Yes,, ,, ,, ,"Unknown, see Narrative", ,"On July 12, 2024, GM Cruise Holdings LLC (Cruise) filed an updated Incident Report (the Report) under the Standing General Order 2021-01 dated June 29, 2021 (the Order). General Motors LLC (GM) manufactured the Cruise-owned and operated motor vehicle involved in the alleged incident summarized in the Incident Report. Because GM is also a Reporting Entity under the Order, GM is submitting a duplicate of the redacted public copy of the Report. GM has selected Unknown in the ADS version and ODD time fields solely to avoid a second submission of nonpublic Cruise CBI GM is in possession of Cruise's responses to these fields, and incorporates Cruise's responses into this submission by reference. GM's submission is based on facts supplied to GM by Cruise. GM has not investigated the alleged incident and currently believes, based on a reasonable inquiry, that it has no independent knowledge of the facts in the Report. (Reference file: [XXX].",
30412-1293,2,Cruise LLC,Update,,,JUL-2024,5G21A6P02L4, ,N/A,Chevrolet,Bolt, ,2020, ,dc64b32fa4888fb,24248, ,In-Vehicle and Remote (Commercial / Test),"[REDACTED, MAY CONTAIN CONFIDENTIAL BUSINESS INFORMATION]", ,Y,, , ,, , ,"General Motors, LLC", , ,,, ,Y,Yes (specify below),CA,Yes,ADS,Cruise, , , , , ,Y, , ,,AUG-2021, ,AUG-2021,12:58, ,75b4756180a9b45,[MAY CONTAIN PERSONALLY IDENTIFIABLE INFORMATION], ,[MAY CONTAIN PERSONALLY IDENTIFIABLE INFORMATION], ,[MAY CONTAIN PERSONALLY IDENTIFIABLE INFORMATION], ,San Francisco, ,CA ,[MAY CONTAIN PERSONALLY IDENTIFIABLE INFORMATION], ,Intersection,Dry,No Unusual Conditions,25, ,Daylight,Y, , , , , , , ,,Pickup Truck,No Injuries Reported,Yes,Proceeding Straight,No,No, , ,Y, , ,Y, , ,Y, , ,Proceeding Straight,No,No,Yes,22, ,Y,Y, , , , , , , , , ,Y, ,Y, ,Y,Y, , ,No,, ,Yes,, ,, ,, ,"[REDACTED, MAY CONTAIN CONFIDENTIAL BUSINESS INFORMATION]",Y,"Cruise submits this updated report to correct the incident date and notice received date, inadvertently reported as August [XXX], 2021 in Cruise's original submission ([XXX]), to the correct date of August [XXX], 2021. There are no other changes to Cruise's previous submission. A Cruise autonomous vehicle (""Cruise AV""), operating in autonomous mode, was traveling westbound on [XXX]. As the Cruise AV was in the intersection with [XXX], a silver Toyota Tundra traveling northbound on [XXX] failed to yield and continued to enter the intersection. The AVTO disengaged from autonomous mode nevertheless the Toyota made contact with the Cruise AV's left rear panel and damaged the rear left bumper. There were no injuries and police were not called.",
30270-7942,1,Waymo LLC,Monthly,5,2024,JUN-2024,SADHW2S16R1, ,N/A,Jaguar,I-Pace, ,2024, ,5e2e75bef42b5a4,5655, ,None,5th Generation ADS, , ,5th Generation, , ,Version 9, , ,, ,Y,,, ,Y,Yes (specify below),"CA DMV, CA PUC",Yes,ADS,Waymo LLC, , ,Y, , , , , ,,MAY-2024, ,MAY-2024,23:09, ,95a8632c506fca0,[MAY CONTAIN PERSONALLY IDENTIFIABLE INFORMATION], ,[MAY CONTAIN PERSONALLY IDENTIFIABLE INFORMATION], ,[MAY CONTAIN PERSONALLY IDENTIFIABLE INFORMATION], ,San Francisco, ,CA ,[MAY CONTAIN PERSONALLY IDENTIFIABLE INFORMATION], ,Intersection,Dry,No Unusual Conditions,25, ,Dark - Lighted, , ,Y, , , , , ,,Pickup Truck,No Injuries Reported,Yes,Lane / Road Departure,No,No, , , , , , , ,Y, , , ,Proceeding Straight,No,No,Yes,16, , , ,Y, , , , , , , , , , ,Y, ,Y,Y, , ,No,, ,Yes,, ,, ,, ,Yes, ,"On May [XXX], 2024 at 11:09 PM PT a Waymo Autonomous Vehicle (""Waymo AV"") operating in San Francisco, California was in a collision involving a pickup truck on [XXX] at [XXX]. 
The Waymo AV was traveling northeast in the third lane from the right on [XXX] through the intersection at [XXX].  While the Waymo AV was driving through the intersection from a lane designated for both straight through and left turn maneuvers, a pickup truck in the adjacent lane, a dedicated left turn lane, attempted to change lanes to the right and made contact with the front driver side corner of the Waymo AV.  At the time of the impact, the Waymo AV's Level 4 ADS was engaged in autonomous mode.  Both vehicles sustained damage.
Waymo is reporting this crash under Request No. 2 of Standing General Order 2021-01. Waymo may supplement or correct its reporting with additional information as it may become available.",